data_structure,N,runs,median_cycles,median_instructions,ipc,median_cache_misses,median_branches,median_branch_misses,median_l1_misses,median_tlb_misses,cv_pct,stddev_cycles,ci95_cycles,source_file,is_standardized
Array,1000,1000,1298,7456,5.74,2,1101,12,9,0,85.8,3198.0,198.0,deep_scaling_results_1776339155.csv,True
Array,2500,1000,14615,17956,1.23,0,2601,12,57,0,78.8,7023.0,435.0,deep_scaling_results_1776339155.csv,True
Array,5000,1000,28155,35456,1.26,3,5101,13,174,0,67.5,13109.0,812.0,deep_scaling_results_1776339155.csv,True
Array,7500,1000,41792,52956,1.27,3,7601,13,454,0,75.8,20292.0,1258.0,deep_scaling_results_1776339155.csv,True
Array,10000,1000,55264,70456,1.27,7,10101,13,634,0,73.6,26440.0,1639.0,deep_scaling_results_1776339155.csv,True
Array,25000,1000,136447,175456,1.29,15,25101,12,1572,0,74.5,65404.0,4054.0,deep_scaling_results_1776339155.csv,True
Array,50000,1000,271113,350456,1.29,42,50101,13,3136,0,78.2,131280.0,8137.0,deep_scaling_results_1776339155.csv,True
Array,75000,1000,406981,525456,1.29,28,75101,13,4696,0,64.1,185089.0,11472.0,deep_scaling_results_1776339155.csv,True
Array,100000,200,537118,700456,1.3,2024,100101,15,6278,5,82.1,265622.0,36813.0,deep_scaling_results_1776339155.csv,True
Array,250000,200,1224817,1750456,1.43,3716,250101,14,15637,0,84.0,654143.0,90660.0,deep_scaling_results_1776339155.csv,True
Array,500000,200,2054598,3500457,1.7,16070,402056,14,31264,0,80.0,1250310.0,173284.0,deep_scaling_results_1776339155.csv,True
Array,750000,200,2809398,5245688,1.87,30057,750102,15,46892,5,73.3,1759989.0,243922.0,deep_scaling_results_1776339155.csv,True
Array,1000000,20,3562370,5848823,1.64,75900,859846,15,54567,46,70.9,2175438.0,953428.0,deep_scaling_results_1776339155.csv,True
Array,2500000,20,7394959,11053254,1.49,151882,1669407,24,105678,1295,26.5,2082049.0,912498.0,deep_scaling_results_1776339155.csv,True
Array,5000000,20,16222349,25259891,1.56,355765,3673147,24,231714,2733,14.0,2247445.0,984986.0,deep_scaling_results_1776339155.csv,True
Array,7500000,20,23946501,37693062,1.57,536704,5393624,27,338172,4237,2.3,547614.0,240002.0,deep_scaling_results_1776339155.csv,True
Array,10000000,3,31088712,49353872,1.59,715338,7187557,20,430254,5238,8.4,2716373.0,3073866.0,deep_scaling_results_1776339155.csv,True
LinkedList,1000,1000,11765,7454,0.63,0,1101,10,416,0,68.5,6809.0,422.0,deep_scaling_results_1776339155.csv,True
LinkedList,2500,1000,41173,17954,0.44,0,2601,12,2244,0,78.2,21848.0,1354.0,deep_scaling_results_1776339155.csv,True
LinkedList,5000,1000,98458,35454,0.36,1,5101,13,5122,0,84.2,54974.0,3407.0,deep_scaling_results_1776339155.csv,True
LinkedList,7500,1000,183657,52954,0.29,3,7601,12,7988,0,84.0,98684.0,6117.0,deep_scaling_results_1776339155.csv,True
LinkedList,10000,1000,390201,70454,0.18,8,10101,14,11066,0,67.8,185644.0,11506.0,deep_scaling_results_1776339155.csv,True
LinkedList,25000,1000,1063036,175454,0.17,4,25101,14,25664,0,78.4,559599.0,34684.0,deep_scaling_results_1776339155.csv,True
LinkedList,50000,1000,2184952,350454,0.16,13,50101,13,50725,0,94.6,1633220.0,101228.0,deep_scaling_results_1776339155.csv,True
LinkedList,75000,1000,3625154,460110,0.13,2458,65094,14,64880,0,81.7,2964838.0,183763.0,deep_scaling_results_1776339155.csv,True
LinkedList,100000,200,5216785,507062,0.1,29961,72826,15,78428,2,62.8,3638318.0,504245.0,deep_scaling_results_1776339155.csv,True
LinkedList,250000,200,25761469,1264385,0.05,402463,179710,22,247404,35785,9.3,2442003.0,338444.0,deep_scaling_results_1776339155.csv,True
LinkedList,500000,200,62873715,2506850,0.04,1369663,358769,23,678618,183273,4.5,2811283.0,389624.0,deep_scaling_results_1776339155.csv,True
LinkedList,750000,200,101129210,3739317,0.04,2424132,534797,26,1174415,322005,3.3,3315831.0,459551.0,deep_scaling_results_1776339155.csv,True
LinkedList,1000000,20,138765281,4989208,0.04,3388684,715772,26,1637922,460691,1.3,1852572.0,811925.0,deep_scaling_results_1776339155.csv,True
LinkedList,2500000,20,380634720,12496632,0.03,10138077,1783882,28,4767360,1323763,0.8,3050621.0,1336994.0,deep_scaling_results_1776339155.csv,True
LinkedList,5000000,20,815062654,24996489,0.03,22421874,3572223,30,10164652,2750672,1.9,15490617.0,6789062.0,deep_scaling_results_1776339155.csv,True
LinkedList,7500000,20,1300836720,37498828,0.03,33592242,5355315,26,15525380,4180747,2.9,37974427.0,16643026.0,deep_scaling_results_1776339155.csv,True
LinkedList,10000000,3,1838376750,50019039,0.03,50086813,7145709,48,21030207,5613518,1.0,17568449.0,19880572.0,deep_scaling_results_1776339155.csv,True
AoS,1000,1000,6513,7456,1.14,1,1101,12,97,0,75.2,3142.0,195.0,deep_scaling_results_1776339155.csv,True
AoS,2500,1000,14828,17956,1.21,0,2601,11,633,0,66.3,6781.0,420.0,deep_scaling_results_1776339155.csv,True
AoS,5000,1000,2227,35456,15.92,10,5101,12,1261,0,93.4,14088.0,873.0,deep_scaling_results_1776339155.csv,True
AoS,7500,1000,41812,52956,1.27,19,7601,12,1889,0,63.0,19229.0,1192.0,deep_scaling_results_1776339155.csv,True
AoS,10000,1000,56007,70456,1.26,32,10101,12,2510,0,86.4,28185.0,1747.0,deep_scaling_results_1776339155.csv,True
AoS,25000,1000,137566,175456,1.28,25,25101,12,6258,0,88.2,69275.0,4294.0,deep_scaling_results_1776339155.csv,True
AoS,50000,1000,273130,350456,1.28,44,50101,13,12509,0,88.8,137962.0,8551.0,deep_scaling_results_1776339155.csv,True
AoS,75000,1000,409520,525456,1.28,98,75101,13,18757,0,82.5,212394.0,13164.0,deep_scaling_results_1776339155.csv,True
AoS,100000,200,516018,700456,1.36,1321,100101,13,25010,0,91.7,285166.0,39522.0,deep_scaling_results_1776339155.csv,True
AoS,250000,200,1371748,1750456,1.28,34964,250101,14,62525,14,82.7,723743.0,100306.0,deep_scaling_results_1776339155.csv,True
AoS,500000,200,2246407,3500457,1.56,134482,500102,14,125272,1725,72.6,1354561.0,187733.0,deep_scaling_results_1776339155.csv,True
AoS,750000,200,3125320,4607998,1.47,214994,637787,15,158198,2096,67.0,1865090.0,258488.0,deep_scaling_results_1776339155.csv,True
AoS,1000000,20,3865111,5270447,1.36,298590,837842,17,206827,2223,62.9,2280026.0,999265.0,deep_scaling_results_1776339155.csv,True
AoS,2500000,20,9332319,12357736,1.32,616989,1731425,49,431629,5353,9.3,860261.0,377026.0,deep_scaling_results_1776339155.csv,True
AoS,5000000,20,17489294,24295899,1.39,1237813,3494987,50,868744,11063,8.5,1562615.0,684846.0,deep_scaling_results_1776339155.csv,True
AoS,7500000,20,27358611,36721721,1.34,1940928,5307051,24,1347464,16665,8.8,2383348.0,1044548.0,deep_scaling_results_1776339155.csv,True
AoS,10000000,3,35754894,49737238,1.39,2667904,7494142,40,1792987,20362,6.1,2198304.0,2487616.0,deep_scaling_results_1776339155.csv,True
SoA,1000,1000,6531,7456,1.14,0,1101,12,2,0,69.2,3039.0,188.0,deep_scaling_results_1776339155.csv,True
SoA,2500,1000,1270,17956,14.14,0,2601,12,50,0,95.9,7061.0,438.0,deep_scaling_results_1776339155.csv,True
SoA,5000,1000,28151,35456,1.26,0,5101,13,1,0,59.3,12326.0,764.0,deep_scaling_results_1776339155.csv,True
SoA,7500,1000,41666,52956,1.27,0,7601,12,447,0,85.7,20436.0,1267.0,deep_scaling_results_1776339155.csv,True
SoA,10000,1000,55259,70456,1.28,4,10101,14,633,0,71.8,26245.0,1627.0,deep_scaling_results_1776339155.csv,True
SoA,25000,1000,136681,175456,1.28,12,25101,13,1572,0,63.5,61970.0,3841.0,deep_scaling_results_1776339155.csv,True
SoA,50000,1000,269065,350456,1.3,36,50101,13,3135,0,62.5,121036.0,7502.0,deep_scaling_results_1776339155.csv,True
SoA,75000,1000,406791,525456,1.29,80,75101,13,4695,0,82.4,198690.0,12315.0,deep_scaling_results_1776339155.csv,True
SoA,100000,200,505191,700456,1.39,166,100101,16,6276,0,91.7,267248.0,37039.0,deep_scaling_results_1776339155.csv,True
SoA,250000,200,1348681,1750456,1.3,578,250101,14,15639,0,79.6,639725.0,88661.0,deep_scaling_results_1776339155.csv,True
SoA,500000,200,2076840,3500457,1.69,29575,500102,17,31380,325,76.8,1225644.0,169866.0,deep_scaling_results_1776339155.csv,True
SoA,750000,200,3909582,4804095,1.23,43490,716077,19,33241,280,53.0,1554248.0,215408.0,deep_scaling_results_1776339155.csv,True
SoA,1000000,20,3099500,5967994,1.93,59780,956563,16,52925,18,73.0,2206821.0,967182.0,deep_scaling_results_1776339155.csv,True
SoA,2500000,20,7464538,11238772,1.51,160901,1674390,22,100567,1249,21.0,1683517.0,737834.0,deep_scaling_results_1776339155.csv,True
SoA,5000000,20,15684926,24186150,1.54,346939,3559854,28,223536,2735,16.2,2568900.0,1125870.0,deep_scaling_results_1776339155.csv,True
SoA,7500000,20,23919616,38895345,1.63,549367,5575047,39,349721,4188,8.4,2012540.0,882035.0,deep_scaling_results_1776339155.csv,True
SoA,10000000,3,32207568,50101423,1.56,712712,7175342,43,444716,5541,0.4,122139.0,138213.0,deep_scaling_results_1776339155.csv,True
BST,1000,1000,6936,10948,1.58,0,2157,13,487,0,54.8,3278.0,203.0,deep_scaling_results_1776339155.csv,True
BST,2500,1000,5144,26040,5.06,0,5165,21,4752,0,94.0,13535.0,839.0,deep_scaling_results_1776339155.csv,True
BST,5000,1000,55577,51093,0.92,4,10179,44,9474,0,82.7,30676.0,1901.0,deep_scaling_results_1776339155.csv,True
BST,7500,1000,91986,76223,0.83,4,15191,43,13986,0,70.0,46169.0,2862.0,deep_scaling_results_1776339155.csv,True
BST,10000,1000,168811,101226,0.6,2,20193,87,17345,0,58.3,75583.0,4685.0,deep_scaling_results_1776339155.csv,True
BST,25000,1000,541410,256639,0.47,1,51167,198,40796,0,89.8,270690.0,16778.0,deep_scaling_results_1776339155.csv,True
BST,50000,1000,1215752,515041,0.42,70,102715,514,79830,0,78.6,673326.0,41733.0,deep_scaling_results_1776339155.csv,True
BST,75000,1000,1671548,798894,0.48,8,157481,573,120245,0,90.2,1093429.0,67771.0,deep_scaling_results_1776339155.csv,True
BST,100000,200,2404335,1096595,0.46,5532,214007,738,128530,0,93.2,1987355.0,275433.0,deep_scaling_results_1776339155.csv,True
BST,250000,200,17464911,2430081,0.14,820518,409173,1639,409358,92478,16.2,2838046.0,393333.0,deep_scaling_results_1776339155.csv,True
BST,500000,200,60751151,4674328,0.08,2124649,813399,4301,979811,298362,4.1,2490531.0,345170.0,deep_scaling_results_1776339155.csv,True
BST,750000,200,83558952,6695801,0.08,2999397,1213872,8486,1245422,432190,11.6,9050221.0,1254297.0,deep_scaling_results_1776339155.csv,True
BST,1000000,20,84008418,8763350,0.1,4054969,1630731,21483,2054447,574114,4.2,3571708.0,1565370.0,deep_scaling_results_1776339155.csv,True
BST,2500000,20,231123377,21127671,0.09,10726415,4061085,15377,5239050,1441384,2.1,4916751.0,2154861.0,deep_scaling_results_1776339155.csv,True
BST,5000000,20,378251157,44437780,0.12,20910844,8067371,29031,10540233,2880955,0.9,3501150.0,1534447.0,deep_scaling_results_1776339155.csv,True
BST,7500000,20,568954617,67561736,0.12,32468611,11977524,48909,15852655,4323692,2.1,11737060.0,5143994.0,deep_scaling_results_1776339155.csv,True
BST,10000000,3,831845238,89842244,0.11,44346355,15810764,55085,20889792,5781195,0.4,3166479.0,3583208.0,deep_scaling_results_1776339155.csv,True
Vector,1000,1000,6521,7456,1.14,0,1101,11,11,0,66.0,2941.0,182.0,deep_scaling_results_1776339155.csv,True
Vector,2500,1000,1070,17956,16.78,0,2601,11,51,0,96.6,7024.0,435.0,deep_scaling_results_1776339155.csv,True
Vector,5000,1000,28506,35456,1.24,0,5101,12,157,0,57.8,12372.0,767.0,deep_scaling_results_1776339155.csv,True
Vector,7500,1000,1029,52956,51.46,0,7601,13,450,0,107.7,20428.0,1266.0,deep_scaling_results_1776339155.csv,True
Vector,10000,1000,55153,70456,1.28,0,10101,12,634,0,89.4,27391.0,1698.0,deep_scaling_results_1776339155.csv,True
Vector,25000,1000,136101,175456,1.29,8,25101,12,1572,0,85.8,67828.0,4204.0,deep_scaling_results_1776339155.csv,True
Vector,50000,1000,267692,350456,1.31,205,50101,14,3140,0,84.7,132817.0,8232.0,deep_scaling_results_1776339155.csv,True
Vector,75000,1000,406894,525456,1.29,194,75101,13,4695,0,82.5,198662.0,12313.0,deep_scaling_results_1776339155.csv,True
Vector,100000,200,539453,700456,1.3,320,100101,14,6260,0,88.2,267642.0,37093.0,deep_scaling_results_1776339155.csv,True
Vector,250000,200,1141527,1750456,1.53,3445,250101,14,15636,0,86.8,653446.0,90563.0,deep_scaling_results_1776339155.csv,True
Vector,500000,200,2094856,3500457,1.67,20873,500102,15,27753,1,76.8,1224624.0,169724.0,deep_scaling_results_1776339155.csv,True
Vector,750000,200,2633985,4898866,1.86,45574,746517,15,35756,20,72.5,1714385.0,237602.0,deep_scaling_results_1776339155.csv,True
Vector,1000000,20,3036871,5539996,1.82,63000,894514,14,48901,59,68.8,2130291.0,933641.0,deep_scaling_results_1776339155.csv,True
Vector,2500000,20,7359517,11193623,1.52,162685,1653790,23,103553,1363,23.3,1834941.0,804198.0,deep_scaling_results_1776339155.csv,True
Vector,5000000,20,15677717,25010026,1.6,358116,3574919,30,227162,2752,18.0,2866040.0,1256097.0,deep_scaling_results_1776339155.csv,True
Vector,7500000,20,23946690,38114904,1.59,548621,5584213,30,350139,4145,9.2,2191138.0,960308.0,deep_scaling_results_1776339155.csv,True
Vector,10000000,3,31470215,49533108,1.57,704965,7055626,24,459537,5505,1.6,500291.0,566133.0,deep_scaling_results_1776339155.csv,True
Deque,1000,1000,5948,11609,1.95,0,2150,9,10,0,72.8,2772.0,172.0,deep_scaling_results_1776339155.csv,True
Deque,2500,1000,16578,31415,1.89,0,6248,13,30,0,67.3,7686.0,476.0,deep_scaling_results_1776339155.csv,True
Deque,5000,1000,25819,56221,2.18,0,10346,17,195,0,84.1,12832.0,795.0,deep_scaling_results_1776339155.csv,True
Deque,7500,1000,41194,87180,2.12,0,16493,20,445,0,82.4,20434.0,1267.0,deep_scaling_results_1776339155.csv,True
Deque,10000,1000,50645,111986,2.21,3,20591,24,631,0,65.0,23518.0,1458.0,deep_scaling_results_1776339155.csv,True
Deque,25000,1000,124630,279281,2.24,16,51326,38,1584,0,91.1,63036.0,3907.0,deep_scaling_results_1776339155.csv,True
Deque,50000,1000,230641,551953,2.39,18,100502,63,3159,0,96.8,122355.0,7584.0,deep_scaling_results_1776339155.csv,True
Deque,75000,1000,368035,830778,2.26,29,151727,87,4733,0,66.3,172567.0,10696.0,deep_scaling_results_1776339155.csv,True
Deque,100000,200,484977,1103450,2.28,120,200903,113,6308,0,89.4,238665.0,33077.0,deep_scaling_results_1776339155.csv,True
Deque,250000,200,1188767,2757941,2.32,1356,502106,256,15755,0,81.9,588937.0,81622.0,deep_scaling_results_1776339155.csv,True
Deque,500000,200,1926440,5509274,2.86,16217,1002063,505,31503,0,77.6,1142084.0,158285.0,deep_scaling_results_1776339155.csv,True
Deque,750000,200,2496600,7907317,3.17,44461,1502019,746,45222,3,74.8,1618825.0,224358.0,deep_scaling_results_1776339155.csv,True
Deque,1000000,20,2972255,8264845,2.78,87796,1771429,887,55519,107,72.5,2039395.0,893804.0,deep_scaling_results_1776339155.csv,True
Deque,2500000,20,7212352,18755435,2.6,169302,3414634,1721,104492,1366,23.1,1732479.0,759292.0,deep_scaling_results_1776339155.csv,True
Deque,5000000,20,16806338,37660261,2.24,342469,6898352,3419,221857,2762,10.1,1727942.0,757304.0,deep_scaling_results_1776339155.csv,True
Deque,7500000,20,23071005,59707592,2.59,552180,10959346,5237,311537,4641,11.5,2621127.0,1148760.0,deep_scaling_results_1776339155.csv,True
Deque,10000000,3,27858421,76882870,2.76,706017,14952813,7359,440935,5420,0.8,219164.0,248007.0,deep_scaling_results_1776339155.csv,True
Heap,1000,1000,6524,7456,1.14,0,1101,11,12,0,61.6,2816.0,175.0,deep_scaling_results_1776339155.csv,True
Heap,2500,1000,14612,17956,1.23,0,2601,11,1,0,76.4,6973.0,432.0,deep_scaling_results_1776339155.csv,True
Heap,5000,1000,28129,35456,1.26,4,5101,12,192,0,90.6,14026.0,869.0,deep_scaling_results_1776339155.csv,True
Heap,7500,1000,41774,52956,1.27,7,7601,13,451,0,76.3,20099.0,1246.0,deep_scaling_results_1776339155.csv,True
Heap,10000,1000,55190,70456,1.28,2,10101,13,633,0,75.7,26534.0,1645.0,deep_scaling_results_1776339155.csv,True
Heap,25000,1000,136487,175456,1.29,9,25101,13,1571,0,84.5,67409.0,4178.0,deep_scaling_results_1776339155.csv,True
Heap,50000,1000,271423,350456,1.29,31,50101,13,3135,0,83.6,132980.0,8242.0,deep_scaling_results_1776339155.csv,True
Heap,75000,1000,406167,525456,1.29,3,75101,14,4700,0,76.1,194948.0,12083.0,deep_scaling_results_1776339155.csv,True
Heap,100000,200,542039,700456,1.29,61,100101,13,6258,0,85.0,265357.0,36777.0,deep_scaling_results_1776339155.csv,True
Heap,250000,200,1064657,1750456,1.64,357,250101,13,15636,0,85.1,648109.0,89823.0,deep_scaling_results_1776339155.csv,True
Heap,500000,200,2143605,3500457,1.63,19811,395826,15,31263,0,76.2,1230384.0,170523.0,deep_scaling_results_1776339155.csv,True
Heap,750000,200,2686786,5106868,1.9,34723,745109,16,45867,12,71.6,1708144.0,236737.0,deep_scaling_results_1776339155.csv,True
Heap,1000000,20,3944804,6538606,1.66,64750,929934,18,52399,69,66.8,2183535.0,956976.0,deep_scaling_results_1776339155.csv,True
Heap,2500000,20,7297906,11629299,1.59,160155,1643966,61,102761,1384,23.4,1886615.0,826845.0,deep_scaling_results_1776339155.csv,True
Heap,5000000,20,15547377,23685370,1.52,353509,3416784,42,221771,2857,15.1,2419205.0,1060264.0,deep_scaling_results_1776339155.csv,True
Heap,7500000,20,24516448,37985614,1.55,536639,5551375,50,348000,4136,10.0,2385566.0,1045521.0,deep_scaling_results_1776339155.csv,True
Heap,10000000,3,31819610,50256023,1.58,712814,7192524,41,450155,5512,0.9,272988.0,308915.0,deep_scaling_results_1776339155.csv,True
HashMap,1000,1000,6797,13454,1.98,1,3101,14,703,0,67.3,3230.0,200.0,deep_scaling_results_1776339155.csv,True
HashMap,2500,1000,17982,32954,1.83,0,7601,51,2978,0,83.8,10047.0,623.0,deep_scaling_results_1776339155.csv,True
HashMap,5000,1000,33176,65454,1.97,0,15101,79,7981,0,93.9,17675.0,1096.0,deep_scaling_results_1776339155.csv,True
HashMap,7500,1000,1507,97954,65.0,2,22601,149,12459,0,99.4,29806.0,1847.0,deep_scaling_results_1776339155.csv,True
HashMap,10000,1000,90294,130454,1.44,2,30101,214,15964,0,72.6,44457.0,2755.0,deep_scaling_results_1776339155.csv,True
HashMap,25000,1000,271928,325454,1.2,9,75101,703,36614,0,80.6,135157.0,8377.0,deep_scaling_results_1776339155.csv,True
HashMap,50000,1000,581633,650454,1.12,517,150101,1505,65656,0,79.3,341189.0,21147.0,deep_scaling_results_1776339155.csv,True
HashMap,75000,1000,1035779,975454,0.94,4297,225101,1712,104858,2,90.3,714936.0,44312.0,deep_scaling_results_1776339155.csv,True
HashMap,100000,200,1410597,1300454,0.92,17317,300101,3436,128009,11,90.0,991264.0,137382.0,deep_scaling_results_1776339155.csv,True
HashMap,250000,200,5353853,2185753,0.41,359422,513866,3799,283238,41951,52.5,2814943.0,390131.0,deep_scaling_results_1776339155.csv,True
HashMap,500000,200,12324770,4733185,0.38,1154316,1095395,10281,816068,209030,13.9,1727645.0,239439.0,deep_scaling_results_1776339155.csv,True
HashMap,750000,200,16495735,6917501,0.42,1620663,1594998,12098,1142565,357105,16.0,2664057.0,369219.0,deep_scaling_results_1776339155.csv,True
HashMap,1000000,20,25638518,9467309,0.37,2502839,2160184,14604,1760166,509542,9.6,2458627.0,1077541.0,deep_scaling_results_1776339155.csv,True
HashMap,2500000,20,83417228,23217106,0.28,8088321,5374851,115627,4989631,1365761,5.1,4273689.0,1873027.0,deep_scaling_results_1776339155.csv,True
HashMap,5000000,20,169256533,46321360,0.27,17204457,10724380,170584,10301277,2782134,3.2,5392877.0,2363533.0,deep_scaling_results_1776339155.csv,True
HashMap,7500000,20,440025397,69580898,0.16,32060492,16070554,290320,16078485,4228273,5.3,23764480.0,10415242.0,deep_scaling_results_1776339155.csv,True
HashMap,10000000,3,344992786,92831321,0.27,33790791,21404676,273413,20767775,5646577,0.7,2444130.0,2765793.0,deep_scaling_results_1776339155.csv,True
RBTree,1000,1000,11479,10948,0.95,0,2157,14,1253,0,47.4,4522.0,280.0,deep_scaling_results_1776339155.csv,True
RBTree,2500,1000,21503,26040,1.21,7,5165,22,4331,0,93.1,12990.0,805.0,deep_scaling_results_1776339155.csv,True
RBTree,5000,1000,68292,51093,0.75,6,10179,43,9060,0,83.4,36944.0,2290.0,deep_scaling_results_1776339155.csv,True
RBTree,7500,1000,129585,76223,0.59,6,15191,43,11648,0,85.0,66756.0,4138.0,deep_scaling_results_1776339155.csv,True
RBTree,10000,1000,196675,101226,0.51,2,20193,91,14575,0,89.7,99939.0,6194.0,deep_scaling_results_1776339155.csv,True
RBTree,25000,1000,537960,256639,0.48,8,51167,204,35569,0,62.6,254118.0,15750.0,deep_scaling_results_1776339155.csv,True
RBTree,50000,1000,1209025,515041,0.43,627,102715,512,67289,0,90.5,1120331.0,69439.0,deep_scaling_results_1776339155.csv,True
RBTree,75000,1000,1819328,798894,0.44,6264,157481,593,98183,0,98.5,1782135.0,110458.0,deep_scaling_results_1776339155.csv,True
RBTree,100000,200,4302977,847343,0.2,108098,166723,636,117236,259,60.8,2657613.0,368326.0,deep_scaling_results_1776339155.csv,True
RBTree,250000,200,18996900,2376325,0.13,1047251,408329,1858,493979,140950,14.9,2914155.0,403881.0,deep_scaling_results_1776339155.csv,True
RBTree,500000,200,62544028,4630014,0.07,2235876,803430,4148,1020019,354185,4.1,2563187.0,355240.0,deep_scaling_results_1776339155.csv,True
RBTree,750000,200,69343847,6733874,0.1,2935544,1216499,8722,1491876,434054,3.8,2633479.0,364982.0,deep_scaling_results_1776339155.csv,True
RBTree,1000000,20,86274826,8785516,0.1,3883846,1622893,21849,2014212,591415,3.9,3356250.0,1470941.0,deep_scaling_results_1776339155.csv,True
RBTree,2500000,20,231612559,21090213,0.09,10603518,4056644,14924,5157118,1435352,1.0,2427094.0,1063721.0,deep_scaling_results_1776339155.csv,True
RBTree,5000000,20,386318408,44491472,0.12,21055276,8064228,31010,10358831,2874445,3.1,11880700.0,5206947.0,deep_scaling_results_1776339155.csv,True
RBTree,7500000,20,629468232,67581893,0.11,34084025,11979433,55589,15641266,4303008,3.5,21921087.0,9607340.0,deep_scaling_results_1776339155.csv,True
RBTree,10000000,3,860430284,89841472,0.1,43972771,15845750,67958,20435792,5733477,2.6,22997149.0,26023724.0,deep_scaling_results_1776339155.csv,True
BTree,1000,1000,7585,15503,2.04,3,2727,11,970,0,68.2,4043.0,251.0,deep_scaling_results_1776339155.csv,True
BTree,2500,1000,20142,31048,1.54,3,5797,165,1221,0,75.4,9832.0,609.0,deep_scaling_results_1776339155.csv,True
BTree,5000,1000,1645,64550,39.24,0,11685,155,3161,0,101.1,22659.0,1404.0,deep_scaling_results_1776339155.csv,True
BTree,7500,1000,109612,119107,1.09,5,19733,1745,9027,0,95.8,65326.0,4049.0,deep_scaling_results_1776339155.csv,True
BTree,10000,1000,186268,166422,0.89,44,27037,3155,13590,0,85.3,104450.0,6474.0,deep_scaling_results_1776339155.csv,True
BTree,25000,1000,370001,349796,0.95,166,60479,4976,22721,0,89.9,203391.0,12606.0,deep_scaling_results_1776339155.csv,True
BTree,50000,1000,498438,603414,1.21,43,110833,5265,26517,0,85.2,261582.0,16213.0,deep_scaling_results_1776339155.csv,True
BTree,75000,1000,796637,934373,1.17,3781,167947,9166,42743,0,87.9,548080.0,33970.0,deep_scaling_results_1776339155.csv,True
BTree,100000,200,1872048,1465369,0.78,57654,242674,26316,91514,52,81.5,1292181.0,179087.0,deep_scaling_results_1776339155.csv,True
BTree,250000,200,7466362,2879244,0.39,631332,436210,60910,261888,31085,26.7,1981708.0,274651.0,deep_scaling_results_1776339155.csv,True
BTree,500000,200,10628306,4998266,0.47,816524,839174,70851,333526,37025,8.0,882191.0,122265.0,deep_scaling_results_1776339155.csv,True
BTree,750000,200,14578560,7110640,0.49,824997,1239160,74352,357752,42818,16.5,2324551.0,322166.0,deep_scaling_results_1776339155.csv,True
BTree,1000000,20,16380021,8328250,0.51,1025421,1540696,76165,388905,42964,16.6,2724868.0,1194226.0,deep_scaling_results_1776339155.csv,True
BTree,2500000,20,97878368,38736765,0.4,7734519,4768088,848453,3125096,475521,5.5,5519144.0,2418872.0,deep_scaling_results_1776339155.csv,True
BTree,5000000,20,182305435,71287277,0.39,14118616,9118493,1131535,5498212,819319,1.9,3384540.0,1483340.0,deep_scaling_results_1776339155.csv,True
BTree,7500000,20,254068937,91662262,0.36,16253340,12845283,1188876,6071152,875698,4.9,12528209.0,5490730.0,deep_scaling_results_1776339155.csv,True
BTree,10000000,3,297291741,109971988,0.37,16896584,16365673,1198463,6240996,888442,0.9,2563850.0,2901269.0,deep_scaling_results_1776339155.csv,True
CircularBuffer,1000,1000,6769,7456,1.1,0,1101,12,2,0,55.1,2774.0,172.0,deep_scaling_results_1776339155.csv,True
CircularBuffer,2500,1000,14653,17956,1.23,1,2601,12,48,0,68.1,6829.0,423.0,deep_scaling_results_1776339155.csv,True
CircularBuffer,5000,1000,28076,35456,1.26,4,5101,5,193,0,90.5,13858.0,859.0,deep_scaling_results_1776339155.csv,True
CircularBuffer,7500,1000,41942,52956,1.26,2,7601,13,443,0,67.7,19421.0,1204.0,deep_scaling_results_1776339155.csv,True
CircularBuffer,10000,1000,55414,70456,1.27,11,10101,13,632,0,70.1,26030.0,1613.0,deep_scaling_results_1776339155.csv,True
CircularBuffer,25000,1000,136381,175456,1.29,49,25101,13,1570,0,82.8,67083.0,4158.0,deep_scaling_results_1776339155.csv,True
CircularBuffer,50000,1000,271806,350456,1.29,44,50101,13,3136,0,70.6,127586.0,7908.0,deep_scaling_results_1776339155.csv,True
CircularBuffer,75000,1000,406678,525456,1.29,25,75101,13,4695,0,82.0,197762.0,12257.0,deep_scaling_results_1776339155.csv,True
CircularBuffer,100000,200,541926,700456,1.29,123,100101,14,6259,0,88.8,268620.0,37229.0,deep_scaling_results_1776339155.csv,True
CircularBuffer,250000,200,1353818,1750456,1.29,3824,250101,14,15636,0,73.4,630505.0,87384.0,deep_scaling_results_1776339155.csv,True
CircularBuffer,500000,200,2026230,3500457,1.73,24411,500102,14,31263,0,77.5,1220548.0,169159.0,deep_scaling_results_1776339155.csv,True
CircularBuffer,750000,200,2616758,5123431,1.96,47581,743368,15,46212,7,71.2,1706548.0,236516.0,deep_scaling_results_1776339155.csv,True
CircularBuffer,1000000,20,3285512,6294522,1.92,73155,896026,16,49898,53,66.0,2103637.0,921960.0,deep_scaling_results_1776339155.csv,True
CircularBuffer,2500000,20,7347911,11058645,1.51,161477,1655807,22,105947,1279,22.3,1751896.0,767802.0,deep_scaling_results_1776339155.csv,True
CircularBuffer,5000000,20,15821095,23946877,1.51,342849,3613430,24,217051,2687,15.1,2380917.0,1043483.0,deep_scaling_results_1776339155.csv,True
CircularBuffer,7500000,20,24209803,37328648,1.54,544405,5452553,24,335499,4197,7.2,1739140.0,762212.0,deep_scaling_results_1776339155.csv,True
CircularBuffer,10000000,3,30703402,48870422,1.59,724640,7268946,43,454486,5351,1.5,476942.0,539710.0,deep_scaling_results_1776339155.csv,True
SkipList,1000,1000,16981,7454,0.44,23,1101,11,1010,0,48.4,6901.0,428.0,deep_scaling_results_1776339155.csv,True
SkipList,2500,1000,38811,17954,0.46,54,2601,12,2515,0,82.6,20782.0,1288.0,deep_scaling_results_1776339155.csv,True
SkipList,5000,1000,79554,35454,0.45,37,5101,12,5021,0,81.1,41638.0,2581.0,deep_scaling_results_1776339155.csv,True
SkipList,7500,1000,115696,52954,0.46,108,7601,14,7527,0,93.1,62952.0,3902.0,deep_scaling_results_1776339155.csv,True
SkipList,10000,1000,153997,70454,0.46,80,10101,13,10034,0,86.6,87688.0,5435.0,deep_scaling_results_1776339155.csv,True
SkipList,25000,1000,389893,175454,0.45,1442,25101,13,25063,0,81.4,251259.0,15573.0,deep_scaling_results_1776339155.csv,True
SkipList,50000,1000,920865,350454,0.38,31991,50101,13,50133,0,77.4,575314.0,35658.0,deep_scaling_results_1776339155.csv,True
SkipList,75000,1000,1504391,525454,0.35,66147,71572,14,75282,161,64.7,817550.0,50672.0,deep_scaling_results_1776339155.csv,True
SkipList,100000,200,2025370,700455,0.35,138812,100102,15,100520,1328,81.4,1203030.0,166731.0,deep_scaling_results_1776339155.csv,True
SkipList,250000,200,3708056,1420596,0.38,367807,207673,17,196157,3013,63.9,2395739.0,332032.0,deep_scaling_results_1776339155.csv,True
SkipList,500000,200,7780664,2423263,0.31,651127,353614,20,347134,5400,28.2,2171521.0,300957.0,deep_scaling_results_1776339155.csv,True
SkipList,750000,200,10960182,3753887,0.34,996575,532691,22,537539,8521,13.0,1483707.0,205631.0,deep_scaling_results_1776339155.csv,True
SkipList,1000000,20,14013403,5090866,0.36,1404800,718018,22,736634,11134,17.4,2518965.0,1103985.0,deep_scaling_results_1776339155.csv,True
SkipList,2500000,20,37589780,12488999,0.33,3317281,1794571,24,1815004,27850,9.8,3745455.0,1641518.0,deep_scaling_results_1776339155.csv,True
SkipList,5000000,20,71292916,25156304,0.35,6667816,3592463,27,3623429,55564,6.4,4618727.0,2024246.0,deep_scaling_results_1776339155.csv,True
SkipList,7500000,20,104416100,37510928,0.36,10016744,5350038,33,5390439,83770,3.9,4081919.0,1788980.0,deep_scaling_results_1776339155.csv,True
SkipList,10000000,3,139490981,50055535,0.36,13544963,7238948,25,7148152,111612,2.4,3344250.0,3784375.0,deep_scaling_results_1776339155.csv,True
SlabList,1000,1000,6654,7628,1.15,2,1126,12,15,0,58.2,2831.0,175.0,deep_scaling_results_1776339155.csv,True
SlabList,2500,1000,18007,21978,1.22,5,3176,16,56,0,60.5,7941.0,492.0,deep_scaling_results_1776339155.csv,True
SlabList,5000,1000,29115,36328,1.25,1,5226,18,209,0,66.2,13297.0,824.0,deep_scaling_results_1776339155.csv,True
SlabList,7500,1000,45393,57853,1.27,8,8301,21,515,0,85.2,22390.0,1388.0,deep_scaling_results_1776339155.csv,True
SlabList,10000,1000,56478,72203,1.28,36,10351,24,654,0,86.2,27894.0,1729.0,deep_scaling_results_1776339155.csv,True
SlabList,25000,1000,139570,179828,1.29,53,25726,39,1615,0,86.5,69310.0,4296.0,deep_scaling_results_1776339155.csv,True
SlabList,50000,1000,272586,352028,1.29,51,50326,63,3159,0,71.5,128903.0,7990.0,deep_scaling_results_1776339155.csv,True
SlabList,75000,1000,409970,531403,1.3,38,75951,87,4763,0,84.8,199963.0,12394.0,deep_scaling_results_1776339155.csv,True
SlabList,100000,200,543767,703603,1.29,178,100551,111,6307,0,85.1,265117.0,36743.0,deep_scaling_results_1776339155.csv,True
SlabList,250000,200,1296452,1758328,1.36,4950,251226,259,15753,0,82.2,644875.0,89375.0,deep_scaling_results_1776339155.csv,True
SlabList,500000,200,1926641,3509029,1.82,17621,501327,502,31432,0,77.8,1216384.0,168582.0,deep_scaling_results_1776339155.csv,True
SlabList,750000,200,2703537,5173575,1.91,32978,740336,738,46149,3,72.5,1705981.0,236437.0,deep_scaling_results_1776339155.csv,True
SlabList,1000000,20,3463990,6189768,1.79,32870,859331,845,53837,18,68.9,2180539.0,955663.0,deep_scaling_results_1776339155.csv,True
SlabList,2500000,20,7745415,11104474,1.43,159025,1561383,1579,108421,1399,23.5,1881840.0,824753.0,deep_scaling_results_1776339155.csv,True
SlabList,5000000,20,16077636,25131354,1.56,361872,3708756,3542,228426,2721,17.3,2757358.0,1208465.0,deep_scaling_results_1776339155.csv,True
SlabList,7500000,20,23962694,38919871,1.62,550540,5541455,5441,344162,4180,7.8,1865246.0,817480.0,deep_scaling_results_1776339155.csv,True
SlabList,10000000,3,31207211,49301554,1.58,706010,7050135,7228,464711,5467,0.6,200279.0,226637.0,deep_scaling_results_1776339155.csv,True
Trie,1000,1000,575161,257963,0.45,0,75273,14581,13827,0,85.0,282121.0,17486.0,deep_scaling_results_1776339155.csv,True
Trie,2500,1000,1436049,615594,0.43,29,178500,36784,32872,0,59.6,637251.0,39497.0,deep_scaling_results_1776339155.csv,True
Trie,5000,1000,2789880,1179851,0.42,4338,280139,71521,61977,0,65.0,1350804.0,83724.0,deep_scaling_results_1776339155.csv,True
Trie,7500,1000,4362609,1627469,0.37,36253,415009,88227,85533,22,55.6,1892017.0,117268.0,deep_scaling_results_1776339155.csv,True
Trie,10000,1000,5944179,1779395,0.3,131719,517147,87013,75078,2025,40.4,2165507.0,134219.0,deep_scaling_results_1776339155.csv,True
Trie,25000,1000,11502175,3750898,0.33,574245,883453,227335,222188,20094,8.7,1011869.0,62716.0,deep_scaling_results_1776339155.csv,True
Trie,50000,1000,25451266,7333942,0.29,1264736,1947882,430459,439789,34237,12.5,3189643.0,197696.0,deep_scaling_results_1776339155.csv,True
Trie,75000,1000,35557753,10125960,0.28,1727397,2898300,610029,611759,49244,11.8,4412748.0,273505.0,deep_scaling_results_1776339155.csv,True
Trie,100000,200,44207353,13085160,0.3,2294352,3750925,813666,804964,64535,4.4,1975513.0,273792.0,deep_scaling_results_1776339155.csv,True
Trie,250000,200,109577569,31035381,0.28,5619952,8886972,1933985,1560009,201800,3.0,3229800.0,447627.0,deep_scaling_results_1776339155.csv,True
Trie,500000,200,211519663,56572793,0.27,10607028,16277743,2924369,3674731,397398,2.8,6036778.0,836655.0,deep_scaling_results_1776339155.csv,True
Trie,750000,200,311537630,80144680,0.26,15297483,23133683,5259637,5339592,476153,3.0,9474612.0,1313114.0,deep_scaling_results_1776339155.csv,True
Trie,1000000,20,412225653,103527103,0.25,19937062,29948783,6859310,7024418,632196,3.7,15414828.0,6755846.0,deep_scaling_results_1776339155.csv,True
Trie,2500000,20,1054735926,240210925,0.23,49325541,69739278,15928689,17588381,1570254,2.9,31099609.0,13630004.0,deep_scaling_results_1776339155.csv,True
Trie,5000000,20,2052888416,394120781,0.19,89591093,114971274,27058890,32316142,3095724,1.5,30827656.0,13510816.0,deep_scaling_results_1776339155.csv,True
Trie,7500000,20,2992880210,545212040,0.18,130310170,159446828,36997439,46379483,4617360,0.8,23764517.0,10415259.0,deep_scaling_results_1776339155.csv,True
Trie,10000000,3,3926944957,696461679,0.18,171280364,203980227,46220503,60461739,6136743,0.3,11464495.0,12973297.0,deep_scaling_results_1776339155.csv,True
vEBTree,1000,1000,6563,7456,1.14,0,1101,11,14,0,56.6,2755.0,171.0,deep_scaling_results_1776339155.csv,True
vEBTree,2500,1000,14590,17956,1.23,0,2601,11,54,0,80.4,6888.0,427.0,deep_scaling_results_1776339155.csv,True
vEBTree,5000,1000,28155,35456,1.26,0,5101,13,163,0,52.3,11531.0,715.0,deep_scaling_results_1776339155.csv,True
vEBTree,7500,1000,1500,52956,35.3,0,7601,13,434,0,102.2,20295.0,1258.0,deep_scaling_results_1776339155.csv,True
vEBTree,10000,1000,55216,70456,1.28,1,10101,13,633,0,66.1,25356.0,1572.0,deep_scaling_results_1776339155.csv,True
vEBTree,25000,1000,129107,175456,1.36,6,25101,12,1571,0,97.6,67735.0,4198.0,deep_scaling_results_1776339155.csv,True
vEBTree,50000,1000,267417,350456,1.31,27,50101,14,3135,0,85.5,132240.0,8196.0,deep_scaling_results_1776339155.csv,True
vEBTree,75000,1000,406702,525456,1.29,4,75101,13,4696,0,83.0,196934.0,12206.0,deep_scaling_results_1776339155.csv,True
vEBTree,100000,200,541675,700456,1.29,0,100101,12,6259,0,86.6,263835.0,36566.0,deep_scaling_results_1776339155.csv,True
vEBTree,250000,200,1297120,1750456,1.35,22,250101,13,15635,0,83.8,640932.0,88829.0,deep_scaling_results_1776339155.csv,True
vEBTree,500000,200,2018117,3500457,1.73,31377,500102,17,31267,19,77.1,1221834.0,169338.0,deep_scaling_results_1776339155.csv,True
vEBTree,750000,200,2656844,5250457,1.98,2313,750075,13,34495,0,73.3,1701784.0,235855.0,deep_scaling_results_1776339155.csv,True
vEBTree,1000000,20,2925623,5441141,1.86,6788,901987,13,53639,0,73.8,2149272.0,941960.0,deep_scaling_results_1776339155.csv,True
vEBTree,2500000,20,7714616,11720795,1.52,159581,1663968,14,100099,1237,29.5,2367838.0,1037751.0,deep_scaling_results_1776339155.csv,True
vEBTree,5000000,20,15903927,25832769,1.62,357523,3665444,13,228413,2786,17.3,2776941.0,1217048.0,deep_scaling_results_1776339155.csv,True
vEBTree,7500000,20,23825706,37687964,1.58,531469,5397432,21,339328,4144,3.4,805964.0,353229.0,deep_scaling_results_1776339155.csv,True
vEBTree,10000000,3,31597316,49412420,1.56,696286,7060840,9,459853,5667,1.3,425820.0,481861.0,deep_scaling_results_1776339155.csv,True
